
[{
    "lalitud":19.32763331170787,
    "longitud":-99.1822673778469,
    "titulo": "Anexo de Ingenieria",
    "nota": "Cascos"
},
{
    "lalitud":19.33289,
    "longitud":-99.18002,
    "titulo": "Facultad de Medicina",
    "nota": "Batas"
},
{
    "lalitud":19.329387,
    "longitud":-99.17773,
    "titulo": "Facultad de Veterinaria ",
    "nota": "Animalitos"
},
{
    "lalitud":19.323768,
    "longitud": -99.174903,
    "titulo":"Metro Universidad",
    "nota": "Mural"
},{
    "lalitud":19.318471,
    "longitud": -99.177089,
    "titulo":" Facultad de Ciencias Politicas",
    "nota": "FIFIS"
},
{
    "lalitud":19.318546,
    "longitud": -99.177089,
    "titulo":"Espacio Escultorio",
    "nota": "Arqui"
},
{
    "lalitud":19.334768,
    "longitud": -99.189195,
    "titulo":"Faculta de Psicologia",
    "nota": "No aptos"
},
{
    "lalitud":19.330122,
    "longitud": -99.184646,
    "titulo":"Alberca Olímpica Universitaria",
    "nota": "Pecesitos"
},
{
    "lalitud":19.330943,
    "longitud": -99.186739,
    "titulo":"Facultad de Arquitectura",
    "nota": "Planos"
},
{
    "lalitud":19.332139,
    "longitud": -99.18813,
    "titulo":"Rectoria UNAM",
    "nota": "No salen"
    
},
{
    "lalitud":19.334409,
    "longitud": -99.185585,
    "titulo":"Facultad de Derecho",
    "nota": "Traje"
},
{
    "lalitud":19.33427,
    "longitud": -99.186867,
    "titulo":"Facultad de Filosofia",
    "nota": "Panques"
},
{
    "lalitud": 19.333383,
    "longitud": -99.187392,
    "titulo":"Biblioteca Central UNAM",
    "nota": "Libros"
},
{
    "lalitud": 19.33489,
    "longitud": -99.183602,
    "titulo":"Facultad de Economía",
    "nota": "Dinero"
    
},
{
    "lalitud": 19.334371,
    "longitud": -99.181535,
    "titulo":"Facultad de Odontología",
    "nota": "Muelitas"
    
},
{
    "lalitud": 19.331479,
    "longitud": -99.181626,
    "titulo":"Facultad de Quimica",
    "nota": "Sustancias"
},
{
    "lalitud": 19.331392,
    "longitud": -99.183306,
    "titulo":"Centro de Enseñanza de Lenguas Extranjeras",
    "nota": "Idioma"
},
{
    "lalitud": 19.317289,
    "longitud": -99.17547,
    "titulo":"TV UNAM",
    "nota": "TV"
},
{
    "lalitud": 19.319658 ,
    "longitud": -99.175513,
    "titulo":"Filmoteca",
    "nota": "Peliculas"
},
{
    "lalitud": 19.311325  ,
    "longitud": -99.180798,
    "titulo":"UNIVERSUM",
    "nota": "Museo"
},
{
    "lalitud": 19.310333  ,
    "longitud": -99.180455,
    "titulo":"Archivo General",
    "nota": "Documentos"
}

]

